{
  "accuracy_function": [
    0.0003794079239014536,
    0.0010454292641952634,
    0.0004430010449141264,
    0.003089520148932934,
    0.024807021021842957,
    0.06715942919254303,
    0.08528909832239151,
    0.08859452605247498,
    0.08787211775779724,
    0.08802338689565659,
    0.0893758162856102,
    0.08855607360601425,
    0.08903571963310242,
    0.08882022649049759,
    0.08884555846452713,
    0.08858092874288559,
    0.08835199475288391,
    0.08826065063476562,
    0.08855285495519638,
    0.08846684545278549
  ],
  "loss": [
    7.520150184631348,
    7.5091071128845215,
    7.48068380355835,
    7.431602478027344,
    7.370999336242676,
    7.2980546951293945,
    7.222446918487549,
    7.135505199432373,
    7.0530266761779785,
    6.975587844848633,
    6.906238555908203,
    6.844708442687988,
    6.790913105010986,
    6.742711067199707,
    6.703055381774902,
    6.656410217285156,
    6.614051818847656,
    6.575258731842041,
    6.547696113586426,
    6.514631271362305
  ]
}